{
  "project_info": {
    "project_number": "568505052537",
    "firebase_url": "https://todolist-26e6a.firebaseio.com",
    "project_id": "todolist-26e6a",
    "storage_bucket": "todolist-26e6a.appspot.com"
  },
  "client": [
    {
      "client_info": {
        "mobilesdk_app_id": "1:568505052537:android:6d2522e40e4de8bb",
        "android_client_info": {
          "package_name": "com.example.peter.todolistapplication"
        }
      },
      "oauth_client": [
        {
          "client_id": "568505052537-vr49mrf1io22393ogi9t9mdm9ligo9gu.apps.googleusercontent.com",
          "client_type": 1,
          "android_info": {
            "package_name": "com.example.peter.todolistapplication",
            "certificate_hash": "ef18554875bb76983447ebf709db00192fb61e10"
          }
        },
        {
          "client_id": "568505052537-e9s02orfd0ca80rvnrvalb86qop5hjh5.apps.googleusercontent.com",
          "client_type": 3
        }
      ],
      "api_key": [
        {
          "current_key": "AIzaSyCZ-04C83c8OkHmRJH2k8wUqBDDeGQQuds"
        }
      ],
      "services": {
        "appinvite_service": {
          "other_platform_oauth_client": [
            {
              "client_id": "568505052537-e9s02orfd0ca80rvnrvalb86qop5hjh5.apps.googleusercontent.com",
              "client_type": 3
            }
          ]
        }
      }
    }
  ],
  "configuration_version": "1"
}